Designator,Val,Package,Mid X,Mid Y,Rotation,Layer
C1,1uF,C_0402_1005Metric,156.38,-80.46,0,top
C2,0.1uF,C_0402_1005Metric,163.51,-82.42,-90,top
C3,0.1uF,C_0402_1005Metric,154.6,-77.18,180,top
C4,0.1uF,C_0402_1005Metric,155.73,-72.35,180,top
C5,0.1uF,C_0402_1005Metric,164.45,-70.66,90,top
C6,0.1uF,C_0402_1005Metric,161.36,-67.2,90,top
C7,0.1uF,C_0402_1005Metric,162.48,-67.21,90,top
C8,0.1uF,C_0402_1005Metric,163.42,-70.83,90,top
C9,0.1uF,C_0402_1005Metric,166.82,-77.33,0,top
C10,0.1uF,C_0402_1005Metric,165.940589,-70.329411,45,top
C11,0.1uF,C_0402_1005Metric,165.63,-72.11,0,top
C12,1uF,C_0402_1005Metric,162.44,-82.41,-90,top
C13,10uF,C_0603_1608Metric,157.275,-55.45,180,top
C14,10uF,C_0603_1608Metric,158.4,-61.1,180,top
C15,33pF,C_0402_1005Metric,157.1375,-83.17,-90,top
C16,33pF,C_0402_1005Metric,162.45,-84.38,90,top
C17,0.1uF,C_0402_1005Metric,158.12,-66.59,180,top
D2,LED_G,LED_0603_1608Metric,157.34,-90.15,90,top
D3,LED,LED_0603_1608Metric,162.76,-90.12,90,top
J1,USB_C_Receptacle_USB2.0_14P,USB_C_Receptacle_HRO_TYPE-C-31-M-12,160.65,-49.25,180,top
J2,Conn_01x20,PinHeader_1x20_P2.54mm_Vertical,151.76,-48.12,0,top
J3,Conn_01x20,PinHeader_1x20_P2.54mm_Vertical,169.54,-48.12,0,top
J4,Conn_01x03,PinHeader_1x03_P2.54mm_Vertical,158.11,-96.14,90,top
R1,5.1k,R_0402_1005Metric,162.08,-55.62,-90,top
R2,5.1k,R_0402_1005Metric,159.44,-55.62,-90,top
R3,27,R_0402_1005Metric,161.2625,-70.8125,-90,top
R4,27,R_0402_1005Metric,162.3125,-70.8125,-90,top
R5,1k,R_0402_1005Metric,161.23,-80.93,180,top
R6,10k,R_0402_1005Metric,155.95,-66.61,180,top
R7,1k,R_0402_1005Metric,164.92,-63,0,top
R8,1k,R_0402_1005Metric,157.32,-87.94,0,top
R9,1k,R_0402_1005Metric,162.75,-88.03,0,top
SW1,SW_Push,SW_Push_SPST_NO_Alps_SKRK,163.85,-59.6,-90,top
U1,RP2040,QFN-56-1EP_7x7mm_P0.4mm_EP3.2x3.2mm,160.5875,-75.95,0,top
U3,W25Q128JVS,Winbond_USON-8-1EP_3x2mm_P0.5mm_EP0.2x1.6mm,157.425,-68.5,0,top
U4,MCP1700x-330xxTT,SOT-23,158.3,-58.3125,90,top
Y1,12 MHz,Crystal_SMD_3225-4Pin_3.2x2.5mm,159.7875,-83.78,180,top